{"cameraMode":{"drawMode":0,"name":"Shaded","section":"Shading Mode"},"sceneLighting":false,"audioPlay":false,"sceneViewState":{"showFog":true,"showMaterialUpdate":false,"showSkybox":true,"showFlares":true,"showImageEffects":true,"showParticleSystems":true},"in2DMode":false,"pivot":{"x":835.4815673828125,"y":385.10693359375,"z":-25.57177734375},"rotation":{"x":-0.40584391355514529,"y":-0.05834086239337921,"z":0.02597033604979515,"w":-0.9117087125778198},"size":3151.396484375,"orthographic":false}